,subscriber_ecid,nday,day of week,package_data_noncash_expenses,nonpackage_data_expenses,#activated_monthly_data_packages,subscriber_data_expenses,#activated_short_term_data_packages,#activated_type_two_data_packages,is_data_usage_nonzero,#activated_type_one_data_packages,#activated_type_three_data_packages,data_usage_volume
0,-06FoayTOXJ8-,70,0,0.0,0.0,0,0.0,0,0,0,0,0,-0.0139766307813943
1,-06FoayTOXJ8-,71,1,0.0,0.0,0,0.0,0,0,0,0,0,-0.0139766307813943
2,-06FoayTOXJ8-,72,2,0.0,0.0,0,0.0,0,0,0,0,0,-0.0139766307813943
3,-06FoayTOXJ8-,73,3,0.0,0.0,0,0.0,0,0,0,0,0,-0.0139766307813943
4,-06FoayTOXJ8-,74,4,0.0,0.0,0,0.0,0,0,1,0,0,1.8487437020487905
5,-06FoayTOXJ8-,75,5,0.0,0.0,0,0.0,0,0,0,0,0,-0.0139766307813943
6,-06FoayTOXJ8-,76,6,0.0,0.0,0,0.0,0,0,0,0,0,-0.0139766307813943
7,-A-7LJ6WUTKfm,70,0,0.0,0.0,0,0.0,0,0,0,0,0,-0.0139766307813943
8,-A-7LJ6WUTKfm,71,1,402210.0,0.0,1,402210.0,0,0,0,0,0,-0.0139766307813943
9,-A-7LJ6WUTKfm,72,2,0.0,0.0,0,0.0,0,0,0,0,0,-0.0139766307813943
10,-A-7LJ6WUTKfm,73,3,0.0,0.0,0,0.0,0,0,0,0,0,-0.0139766307813943
11,-A-7LJ6WUTKfm,74,4,0.0,0.0,0,0.0,0,0,0,0,0,-0.0139766307813943
12,-A-7LJ6WUTKfm,75,5,0.0,0.0,0,0.0,0,0,0,0,0,-0.0139766307813943
13,-A-7LJ6WUTKfm,76,6,0.0,0.0,0,0.0,0,0,0,0,0,-0.0139766307813943
14,-Ajqu-Pi5VJde,70,0,0.0,772.96,0,772.96,0,0,1,0,0,-0.0066675190265952
15,-Ajqu-Pi5VJde,71,1,0.0,0.0,0,0.0,0,0,0,0,0,-0.0139766307813943
16,-Ajqu-Pi5VJde,72,2,0.0,1967.886,0,1967.886,0,0,1,0,0,0.0021251816688735
17,-Ajqu-Pi5VJde,73,3,0.0,25.288,0,25.288,0,0,1,0,0,-0.0137704046717013
18,-Ajqu-Pi5VJde,74,4,0.0,1412.422,0,1412.422,0,0,1,0,0,-0.0024267985416106
19,-Ajqu-Pi5VJde,75,5,0.0,3908.086,0,3908.086,0,0,1,0,0,0.0179903489704884
20,-Ajqu-Pi5VJde,76,6,0.0,0.0,0,0.0,0,0,0,0,0,-0.0139766307813943
21,-DgEYYT0gqMqr,70,0,0.0,85959.58,0,85959.58,0,0,1,0,0,0.6918950823073724
22,-DgEYYT0gqMqr,71,1,0.0,0.0,0,0.0,0,0,0,0,0,-0.0139766307813943
23,-DgEYYT0gqMqr,72,2,0.0,2454.026,0,2454.026,0,0,1,0,0,0.0069250692114102
24,-DgEYYT0gqMqr,73,3,0.0,0.0,0,0.0,0,0,0,0,0,-0.0139766307813943
25,-DgEYYT0gqMqr,74,4,0.0,0.0,0,0.0,0,0,0,0,0,-0.0139766307813943
26,-DgEYYT0gqMqr,75,5,0.0,0.0,0,0.0,0,0,0,0,0,-0.0139766307813943
27,-DgEYYT0gqMqr,76,6,0.0,0.0,0,0.0,0,0,0,0,0,-0.0139766307813943
28,-Ej3Gtwwcsf46,70,0,0.0,0.0,0,0.0,0,0,0,0,0,-0.0139766307813943
29,-Ej3Gtwwcsf46,71,1,0.0,0.0,0,0.0,0,0,0,0,0,-0.0139766307813943
30,-Ej3Gtwwcsf46,72,2,0.0,0.0,0,0.0,0,0,0,0,0,-0.0139766307813943
31,-Ej3Gtwwcsf46,73,3,0.0,0.0,0,0.0,0,0,0,0,0,-0.0139766307813943
32,-Ej3Gtwwcsf46,74,4,0.0,0.0,0,0.0,0,0,0,0,0,-0.0139766307813943
33,-Ej3Gtwwcsf46,75,5,0.0,0.0,0,0.0,0,0,0,0,0,-0.0139766307813943
34,-Ej3Gtwwcsf46,76,6,0.0,0.0,0,0.0,0,0,0,0,0,-0.0139766307813943
35,-G-uASnKNsNDL,70,0,0.0,0.0,0,0.0,0,0,0,0,0,-0.0139766307813943
36,-G-uASnKNsNDL,71,1,0.0,0.0,0,0.0,0,0,0,0,0,-0.0139766307813943
37,-G-uASnKNsNDL,72,2,0.0,0.0,0,0.0,0,0,0,0,0,-0.0139766307813943
38,-G-uASnKNsNDL,73,3,0.0,0.0,0,0.0,0,0,0,0,0,-0.0139766307813943
39,-G-uASnKNsNDL,74,4,0.0,0.0,0,0.0,0,0,0,0,0,-0.0139766307813943
40,-G-uASnKNsNDL,75,5,0.0,0.0,0,0.0,0,0,0,0,0,-0.0139766307813943
41,-G-uASnKNsNDL,76,6,0.0,0.0,0,0.0,0,0,0,0,0,-0.0139766307813943
42,-In6IG8Z3Ts6f,70,0,0.0,0.0,0,0.0,0,0,1,0,0,1.4500646349729602
43,-In6IG8Z3Ts6f,71,1,0.0,0.0,0,0.0,0,0,1,0,0,1.829299650364576
44,-In6IG8Z3Ts6f,72,2,0.0,0.0,0,0.0,0,0,1,0,0,0.5183297711193502
45,-In6IG8Z3Ts6f,73,3,0.0,0.0,0,0.0,0,0,1,0,0,0.7247485532987148
46,-In6IG8Z3Ts6f,74,4,0.0,0.0,0,0.0,0,0,1,0,0,-0.0139687361092337
47,-In6IG8Z3Ts6f,75,5,0.0,0.0,0,0.0,0,0,1,0,0,0.0859916143189308
48,-In6IG8Z3Ts6f,76,6,0.0,0.0,0,0.0,0,0,1,0,0,1.6283653947914511
49,-K5n1Rm62Hbpx,70,0,0.0,0.0,0,0.0,0,0,1,0,0,1.1040145031291493
50,-K5n1Rm62Hbpx,71,1,0.0,0.0,0,0.0,0,0,0,0,0,-0.0139766307813943
51,-K5n1Rm62Hbpx,72,2,0.0,0.0,0,0.0,0,0,0,0,0,-0.0139766307813943
52,-K5n1Rm62Hbpx,73,3,0.0,0.0,0,0.0,0,0,1,0,0,2.884114734193353
53,-K5n1Rm62Hbpx,74,4,0.0,0.0,0,0.0,0,0,1,0,0,-0.0139645397793028
54,-K5n1Rm62Hbpx,75,5,0.0,0.0,0,0.0,0,0,1,0,0,0.0318515371483885
55,-K5n1Rm62Hbpx,76,6,151510.0,0.0,1,151510.0,0,0,1,0,0,2.5857108572107466
56,-KmyI86h1R9bQ,70,0,0.0,0.0,0,0.0,0,0,1,0,0,0.0586114077504284
57,-KmyI86h1R9bQ,71,1,0.0,0.0,0,0.0,0,0,1,0,0,0.1063205971133025
58,-KmyI86h1R9bQ,72,2,0.0,0.0,0,0.0,0,0,1,0,0,-0.0025116619142969
59,-KmyI86h1R9bQ,73,3,0.0,0.0,0,0.0,0,0,1,0,0,0.0722019935903341
60,-KmyI86h1R9bQ,74,4,0.0,0.0,0,0.0,0,0,1,0,0,-0.0091044305492178
61,-KmyI86h1R9bQ,75,5,0.0,0.0,0,0.0,0,0,1,0,0,3.248369287035465
62,-KmyI86h1R9bQ,76,6,0.0,0.0,0,0.0,0,0,1,0,0,-0.0099372261777188
63,-OgQJDuZ2cIdB,70,0,0.0,0.0,0,0.0,0,0,1,0,0,0.2325245267823114
64,-OgQJDuZ2cIdB,71,1,0.0,0.0,0,0.0,0,0,1,0,0,0.4487280742892899
65,-OgQJDuZ2cIdB,72,2,0.0,0.0,0,0.0,0,0,1,0,0,0.2574776980038626
66,-OgQJDuZ2cIdB,73,3,0.0,0.0,0,0.0,0,0,1,0,0,0.6653757328002204
67,-OgQJDuZ2cIdB,74,4,0.0,0.0,0,0.0,0,0,1,0,0,0.8488755503869772
68,-OgQJDuZ2cIdB,75,5,0.0,0.0,0,0.0,0,0,1,0,0,0.3163199526545331
69,-OgQJDuZ2cIdB,76,6,0.0,0.0,0,0.0,0,0,1,0,0,0.280848901595492
70,-QXHomYaJxYXi,70,0,0.0,0.0,0,0.0,0,0,1,0,0,8.452706564201552
71,-QXHomYaJxYXi,71,1,0.0,0.0,0,0.0,0,0,1,0,0,19.818704154094306
72,-QXHomYaJxYXi,72,2,0.0,0.0,0,0.0,0,0,1,0,0,9.554596105055012
73,-QXHomYaJxYXi,73,3,0.0,0.0,0,0.0,0,0,1,0,0,7.46241294347903
74,-QXHomYaJxYXi,74,4,402210.0,0.0,1,402210.0,0,0,1,0,0,6.943326718594038
75,-QXHomYaJxYXi,75,5,0.0,0.0,0,0.0,0,0,1,0,0,7.605444744702008
76,-QXHomYaJxYXi,76,6,0.0,0.0,0,0.0,0,0,1,0,0,11.321397769570892
77,-XU6p4P-782mp,70,0,402210.0,0.0,1,402210.0,0,0,1,0,0,14.24390837589056
78,-XU6p4P-782mp,71,1,0.0,0.0,0,0.0,0,0,1,0,0,7.303384795243093
79,-XU6p4P-782mp,72,2,0.0,0.0,0,0.0,0,0,1,0,0,6.582733395709253
80,-XU6p4P-782mp,73,3,0.0,0.0,0,0.0,0,0,1,0,0,8.626342060313583
81,-bPxbPMMP56D0,70,0,0.0,0.0,0,0.0,0,0,1,0,0,0.1017671403518717
82,-bPxbPMMP56D0,71,1,0.0,0.0,0,0.0,0,0,1,0,0,0.1964307925979916
83,-bPxbPMMP56D0,72,2,0.0,0.0,0,0.0,0,0,1,0,0,-0.0058102871764134
84,-bPxbPMMP56D0,73,3,0.0,0.0,0,0.0,0,0,1,0,0,0.0045598783650761
85,-bPxbPMMP56D0,74,4,0.0,0.0,0,0.0,0,0,1,0,0,-0.0016881016940754
86,-bPxbPMMP56D0,75,5,0.0,0.0,0,0.0,0,0,1,0,0,0.3494824058611885
87,-bPxbPMMP56D0,76,6,0.0,0.0,0,0.0,0,0,1,0,0,0.1908504956436767
88,-r1I_1VjtSvZL,70,0,0.0,0.0,0,0.0,0,0,1,0,0,-0.0138334645409041
89,-r1I_1VjtSvZL,71,1,0.0,0.0,0,0.0,0,0,1,0,0,-0.0138992302593652
90,-r1I_1VjtSvZL,72,2,0.0,0.0,0,0.0,0,0,1,0,0,-0.0139584490066479
91,-r1I_1VjtSvZL,73,3,0.0,0.0,0,0.0,0,0,1,0,0,-0.0139106770116333
92,-r1I_1VjtSvZL,74,4,0.0,0.0,0,0.0,0,0,1,0,0,0.1697358031768174
93,-r1I_1VjtSvZL,75,5,0.0,28378.368,0,28378.368,0,0,1,0,0,0.266399273041036
94,-r1I_1VjtSvZL,76,6,0.0,631.328,0,631.328,0,0,1,0,0,-0.0088151763082274
95,-tL3HaNlpu-TE,70,0,0.0,0.0,0,0.0,0,0,1,0,0,0.307592248060169
96,-tL3HaNlpu-TE,71,1,0.0,0.0,0,0.0,0,0,1,0,0,1.18460698006168
97,-tL3HaNlpu-TE,72,2,0.0,0.0,0,0.0,0,0,1,0,0,0.3570306422558528
98,-tL3HaNlpu-TE,73,3,0.0,0.0,0,0.0,0,0,1,0,0,0.732184408147154
99,-tL3HaNlpu-TE,74,4,0.0,0.0,0,0.0,0,0,1,0,0,1.0796270076295824
100,-tL3HaNlpu-TE,75,5,0.0,0.0,0,0.0,0,0,1,0,0,1.4906753718259995
101,-tL3HaNlpu-TE,76,6,0.0,0.0,0,0.0,0,0,1,0,0,0.5391745577345106
102,-uw3FokEwcN86,70,0,0.0,0.0,0,0.0,0,0,1,0,0,3.464888151300616
103,-uw3FokEwcN86,71,1,0.0,0.0,0,0.0,0,0,1,0,0,0.8389625828269338
104,-uw3FokEwcN86,72,2,0.0,0.0,0,0.0,0,0,1,0,0,1.4900402912446595
105,-uw3FokEwcN86,73,3,0.0,0.0,0,0.0,0,0,1,0,0,0.0205164177038096
106,-uw3FokEwcN86,74,4,0.0,0.0,0,0.0,0,0,1,0,0,0.7792931288151473
107,-uw3FokEwcN86,75,5,0.0,0.0,0,0.0,0,0,1,0,0,0.4467646445977044
108,-uw3FokEwcN86,76,6,0.0,0.0,0,0.0,0,0,1,0,0,2.6194137141341507
109,-wi6IABUFT0YE,70,0,0.0,0.0,0,0.0,0,0,1,0,0,0.1915556671233736
110,-wi6IABUFT0YE,71,1,0.0,0.0,0,0.0,0,0,1,0,0,0.4962959465827885
111,-wi6IABUFT0YE,72,2,0.0,0.0,0,0.0,0,0,1,0,0,1.3770066562429135
112,-wi6IABUFT0YE,73,3,0.0,0.0,0,0.0,0,0,1,0,0,0.950805762557667
113,-wi6IABUFT0YE,74,4,0.0,0.0,0,0.0,0,0,1,0,0,0.9358433633802395
114,-wi6IABUFT0YE,75,5,0.0,0.0,0,0.0,0,0,1,0,0,0.9485393230207532
115,-wi6IABUFT0YE,76,6,0.0,0.0,0,0.0,0,0,1,0,0,0.7951724974723293
116,-xvLjYdAhpdTw,70,0,0.0,0.0,0,0.0,0,0,0,0,0,-0.0139766307813943
117,-xvLjYdAhpdTw,71,1,0.0,0.0,0,0.0,0,0,0,0,0,-0.0139766307813943
118,-xvLjYdAhpdTw,72,2,0.0,0.0,0,0.0,0,0,0,0,0,-0.0139766307813943
119,-xvLjYdAhpdTw,73,3,0.0,0.0,0,0.0,0,0,0,0,0,-0.0139766307813943
120,-xvLjYdAhpdTw,74,4,0.0,0.0,0,0.0,0,0,0,0,0,-0.0139766307813943
121,-xvLjYdAhpdTw,75,5,0.0,0.0,0,0.0,0,0,0,0,0,-0.0139766307813943
122,-xvLjYdAhpdTw,76,6,0.0,0.0,0,0.0,0,0,0,0,0,-0.0139766307813943
123,05FcuSRHsq_Ps,70,0,0.0,0.0,0,0.0,0,0,0,0,0,-0.0139766307813943
124,05FcuSRHsq_Ps,71,1,0.0,0.0,0,0.0,0,0,0,0,0,-0.0139766307813943
125,05FcuSRHsq_Ps,72,2,0.0,0.0,0,0.0,0,0,0,0,0,-0.0139766307813943
126,05FcuSRHsq_Ps,73,3,0.0,0.0,0,0.0,0,0,0,0,0,-0.0139766307813943
127,05FcuSRHsq_Ps,74,4,0.0,0.0,0,0.0,0,0,0,0,0,-0.0139766307813943
128,05FcuSRHsq_Ps,75,5,0.0,0.0,0,0.0,0,0,0,0,0,-0.0139766307813943
129,05FcuSRHsq_Ps,76,6,0.0,0.0,0,0.0,0,0,0,0,0,-0.0139766307813943
130,07VNhYUvV_r-R,70,0,0.0,0.0,0,0.0,0,0,1,0,0,0.9163663853064014
131,07VNhYUvV_r-R,71,1,151510.0,0.0,1,151510.0,0,0,1,0,0,0.3025024968511332
132,07VNhYUvV_r-R,72,2,0.0,0.0,0,0.0,0,0,1,0,0,0.1731244980466798
133,07VNhYUvV_r-R,73,3,0.0,0.0,0,0.0,0,0,1,0,0,0.2499654211966396
134,07VNhYUvV_r-R,74,4,0.0,0.0,0,0.0,0,0,1,0,0,0.3707203206834636
135,07VNhYUvV_r-R,75,5,0.0,0.0,0,0.0,0,0,1,0,0,0.359052883250238
136,07VNhYUvV_r-R,76,6,0.0,0.0,0,0.0,0,0,1,0,0,0.1089714030597325
137,07aY5Z7fL2gjI,70,0,0.0,0.0,0,0.0,0,0,1,0,0,-0.0139610712775508
138,07aY5Z7fL2gjI,71,1,0.0,0.0,0,0.0,0,0,0,0,0,-0.0139766307813943
139,07aY5Z7fL2gjI,72,2,0.0,0.0,0,0.0,0,0,0,0,0,-0.0139766307813943
140,07aY5Z7fL2gjI,73,3,0.0,0.0,0,0.0,0,0,0,0,0,-0.0139766307813943
141,07aY5Z7fL2gjI,74,4,0.0,0.0,0,0.0,0,0,1,0,0,-0.007406585011867
142,07aY5Z7fL2gjI,75,5,0.0,0.0,0,0.0,0,0,1,0,0,0.2473412837104678
143,07aY5Z7fL2gjI,76,6,0.0,0.0,0,0.0,0,0,0,0,0,-0.0139766307813943
144,09AcDcmPUMXhr,70,0,0.0,0.0,0,0.0,0,0,1,0,0,0.9016578867256
145,09AcDcmPUMXhr,71,1,0.0,0.0,0,0.0,0,0,1,0,0,1.0698993646255015
146,09AcDcmPUMXhr,72,2,0.0,0.0,0,0.0,0,0,1,0,0,1.142400412019005
147,09AcDcmPUMXhr,73,3,0.0,0.0,0,0.0,0,0,1,0,0,0.8391330582950741
148,09AcDcmPUMXhr,74,4,0.0,0.0,0,0.0,0,0,1,0,0,1.2222339243527989
149,09AcDcmPUMXhr,75,5,0.0,0.0,0,0.0,0,0,1,0,0,0.8162799847884608
150,09AcDcmPUMXhr,76,6,207100.0,0.0,1,207100.0,0,0,1,0,0,1.626812320895502
151,0DeHH7fE9XJRM,70,0,0.0,1243.036,0,1243.036,0,0,1,0,0,-0.0038171140375747
152,0DeHH7fE9XJRM,71,1,0.0,348.582,0,348.582,0,0,1,0,0,-0.0111290012902617
153,0DeHH7fE9XJRM,72,2,0.0,17618.978,0,17618.978,0,0,1,0,0,0.1301597942239597
154,0DeHH7fE9XJRM,73,3,0.0,0.0,0,0.0,0,0,0,0,0,-0.0139766307813943
155,0DeHH7fE9XJRM,74,4,0.0,628.058,0,628.058,0,0,1,0,0,-0.0088376971925953
156,0DeHH7fE9XJRM,75,5,0.0,17232.028,0,17232.028,0,0,1,0,0,0.145866615366272
157,0DeHH7fE9XJRM,76,6,0.0,0.0,0,0.0,0,0,0,0,0,-0.0139766307813943
158,0FbrwQkqkHNBL,70,0,0.0,0.0,0,0.0,0,0,0,0,0,-0.0139766307813943
159,0FbrwQkqkHNBL,71,1,0.0,0.0,0,0.0,0,0,0,0,0,-0.0139766307813943
160,0FbrwQkqkHNBL,72,2,0.0,0.0,0,0.0,0,0,0,0,0,-0.0139766307813943
161,0FbrwQkqkHNBL,73,3,0.0,0.0,0,0.0,0,0,0,0,0,-0.0139766307813943
162,0FbrwQkqkHNBL,74,4,0.0,0.0,0,0.0,0,0,0,0,0,-0.0139766307813943
163,0FbrwQkqkHNBL,75,5,0.0,0.0,0,0.0,0,0,0,0,0,-0.0139766307813943
164,0FbrwQkqkHNBL,76,6,0.0,0.0,0,0.0,0,0,0,0,0,-0.0139766307813943
165,0Fs9JYctVKi4x,70,0,0.0,0.0,0,0.0,0,0,1,0,0,0.0155253864623109
166,0Fs9JYctVKi4x,71,1,0.0,0.0,0,0.0,0,0,1,0,0,-0.0031359260634664
167,0Fs9JYctVKi4x,72,2,0.0,0.0,0,0.0,0,0,1,0,0,-0.0001236297998988
168,0Fs9JYctVKi4x,73,3,0.0,0.0,0,0.0,0,0,1,0,0,0.019388078563069
169,0Fs9JYctVKi4x,74,4,0.0,0.0,0,0.0,0,0,1,0,0,0.1373678980537407
170,0Fs9JYctVKi4x,75,5,0.0,0.0,0,0.0,0,0,1,0,0,0.1650520198997557
171,0Fs9JYctVKi4x,76,6,0.0,0.0,0,0.0,0,0,1,0,0,0.1940758853718118
172,0Nx-jwpjbHjzQ,70,0,0.0,0.0,0,0.0,0,0,0,0,0,-0.0139766307813943
173,0Nx-jwpjbHjzQ,71,1,0.0,0.0,0,0.0,0,0,0,0,0,-0.0139766307813943
174,0Nx-jwpjbHjzQ,72,2,0.0,0.0,0,0.0,0,0,0,0,0,-0.0139766307813943
175,0Nx-jwpjbHjzQ,73,3,0.0,0.0,0,0.0,0,0,0,0,0,-0.0139766307813943
176,0Nx-jwpjbHjzQ,74,4,0.0,0.0,0,0.0,0,0,0,0,0,-0.0139766307813943
177,0Nx-jwpjbHjzQ,75,5,0.0,0.0,0,0.0,0,0,0,0,0,-0.0139766307813943
178,0Nx-jwpjbHjzQ,76,6,0.0,0.0,0,0.0,0,0,0,0,0,-0.0139766307813943
179,0P2IVKULm3W4a,70,0,0.0,0.0,0,0.0,0,0,1,0,0,0.6860730488895839
180,0P2IVKULm3W4a,71,1,0.0,0.0,0,0.0,0,0,1,0,0,4.004591972453577
181,0P2IVKULm3W4a,72,2,0.0,0.0,0,0.0,0,0,1,0,0,2.861390597712211
182,0P2IVKULm3W4a,73,3,0.0,0.0,0,0.0,0,0,1,0,0,2.064077345137439
183,0P2IVKULm3W4a,74,4,0.0,0.0,0,0.0,0,0,1,0,0,5.861302443441778
184,0P2IVKULm3W4a,75,5,0.0,0.0,0,0.0,0,0,1,0,0,2.87314470590006
185,0P2IVKULm3W4a,76,6,0.0,0.0,0,0.0,0,0,1,0,0,0.1188415088531452
186,0T7ixhiDdZ8TL,70,0,0.0,0.0,0,0.0,0,0,1,0,0,0.4843107825488087
187,0T7ixhiDdZ8TL,71,1,0.0,0.0,0,0.0,0,0,1,0,0,0.3366880327071079
188,0T7ixhiDdZ8TL,72,2,0.0,0.0,0,0.0,0,0,1,0,0,-0.0091257743717462
189,0T7ixhiDdZ8TL,73,3,0.0,0.0,0,0.0,0,0,0,0,0,-0.0139766307813943
190,0T7ixhiDdZ8TL,74,4,0.0,0.0,0,0.0,0,0,1,0,0,0.4470603796436752
191,0T7ixhiDdZ8TL,75,5,0.0,0.0,0,0.0,0,0,1,0,0,0.0479246056092373
192,0T7ixhiDdZ8TL,76,6,0.0,0.0,0,0.0,0,0,0,0,0,-0.0139766307813943
193,0TN3fLxSaDKy9,70,0,0.0,0.0,0,0.0,0,0,1,0,0,4.332150131967089
194,0TN3fLxSaDKy9,71,1,0.0,0.0,0,0.0,0,0,1,0,0,3.6056903048752447
195,0TN3fLxSaDKy9,72,2,0.0,0.0,0,640000.0,0,0,1,0,0,4.010850100318056
196,0TN3fLxSaDKy9,73,3,0.0,0.0,0,0.0,0,0,1,0,0,1.083031404782979
197,0TN3fLxSaDKy9,74,4,0.0,0.0,0,0.0,0,0,1,0,0,1.73379407155462
198,0TN3fLxSaDKy9,75,5,0.0,0.0,0,0.0,0,0,1,0,0,1.7638839650209817
199,0TN3fLxSaDKy9,76,6,0.0,0.0,0,0.0,0,0,1,0,0,2.064719362722283
200,0WOAOqldr9T8g,70,0,0.0,0.0,0,0.0,0,0,1,0,0,12.0348011217859
201,0WOAOqldr9T8g,71,1,0.0,0.0,0,0.0,0,0,1,0,0,7.230793720031022
202,0WOAOqldr9T8g,72,2,0.0,0.0,0,0.0,0,0,1,0,0,13.396809091915388
203,0WOAOqldr9T8g,73,3,0.0,0.0,0,0.0,0,0,1,0,0,10.466185924662485
204,0WOAOqldr9T8g,74,4,0.0,0.0,0,0.0,0,0,1,0,0,10.633660982077854
205,0WOAOqldr9T8g,75,5,0.0,0.0,0,0.0,0,0,1,0,0,9.13248272924674
206,0WOAOqldr9T8g,76,6,0.0,0.0,0,0.0,0,0,1,0,0,12.640639443928684
207,0diGlQ-zQ4RkZ,70,0,0.0,0.436,0,0.436,0,0,1,0,0,-0.0139739458267248
208,0diGlQ-zQ4RkZ,71,1,0.0,0.0,0,0.0,0,0,0,0,0,-0.0139766307813943
209,0diGlQ-zQ4RkZ,72,2,0.0,7594.902,0,7594.902,0,0,1,0,0,0.0481380020453434
210,0diGlQ-zQ4RkZ,73,3,0.0,779.568,0,779.568,0,0,1,0,0,-0.007603958780743
211,0diGlQ-zQ4RkZ,74,4,0.0,0.0,0,0.0,0,0,0,0,0,-0.0139766307813943
212,0diGlQ-zQ4RkZ,75,5,0.0,28180.86,0,28180.86,0,0,1,0,0,0.2165108755673394
213,0diGlQ-zQ4RkZ,76,6,0.0,738.148,0,738.148,0,0,1,0,0,-0.0079421551137246
214,0o-xDa8uTNBGu,70,0,0.0,0.0,0,0.0,0,0,1,0,0,3.117383480959524
215,0o-xDa8uTNBGu,71,1,0.0,0.0,0,0.0,0,0,1,0,0,4.569727600657714
216,0o-xDa8uTNBGu,72,2,0.0,0.0,0,0.0,0,0,1,0,0,3.51927175142198
217,0o-xDa8uTNBGu,73,3,0.0,0.0,0,0.0,0,0,1,0,0,0.5054733793430787
218,0o-xDa8uTNBGu,74,4,0.0,0.0,0,0.0,0,0,1,0,0,1.1707591679030869
219,0o-xDa8uTNBGu,75,5,0.0,0.0,0,0.0,0,0,1,0,0,0.00931362369053
220,0o-xDa8uTNBGu,76,6,0.0,0.0,0,0.0,0,0,1,0,0,0.3394830600707659
221,0rZTh5oSOWHcQ,70,0,0.0,0.0,0,0.0,0,0,1,0,0,1.3866805792590156
222,0rZTh5oSOWHcQ,71,1,0.0,0.0,0,0.0,0,0,1,0,0,1.393097551270498
223,0rZTh5oSOWHcQ,72,2,0.0,0.0,0,0.0,0,0,1,0,0,0.495297686705044
224,0rZTh5oSOWHcQ,73,3,0.0,0.0,0,0.0,0,0,1,0,0,0.3470351898238226
225,0rZTh5oSOWHcQ,74,4,0.0,0.0,0,0.0,0,0,1,0,0,0.573141362069355
226,0rZTh5oSOWHcQ,75,5,0.0,0.0,0,0.0,0,0,1,0,0,0.4508421818260635
227,0rZTh5oSOWHcQ,76,6,0.0,0.0,0,0.0,0,0,1,0,0,0.0500920639962532
228,0wLFNgdyyGuWB,70,0,0.0,0.0,0,0.0,0,0,1,0,0,0.9719054422624248
229,0wLFNgdyyGuWB,71,1,0.0,0.0,0,0.0,0,0,1,0,0,2.3272949155532308
230,0wLFNgdyyGuWB,72,2,0.0,0.0,0,0.0,0,0,1,0,0,2.500018780752961
231,0wLFNgdyyGuWB,73,3,0.0,0.0,0,0.0,0,0,1,0,0,1.8225038942812368
232,0wLFNgdyyGuWB,74,4,307380.0,0.0,1,307380.0,0,0,1,0,0,0.238738692431812
233,0wLFNgdyyGuWB,75,5,0.0,0.0,0,0.0,0,0,1,0,0,1.858209413969257
234,0wLFNgdyyGuWB,76,6,0.0,0.0,0,0.0,0,0,1,0,0,0.9514521923831938
235,10lBlM7CZCH70,70,0,0.0,0.0,0,0.0,0,0,0,0,0,-0.0139766307813943
236,10lBlM7CZCH70,71,1,0.0,0.0,0,0.0,0,0,0,0,0,-0.0139766307813943
237,10lBlM7CZCH70,72,2,0.0,0.0,0,0.0,0,0,0,0,0,-0.0139766307813943
238,10lBlM7CZCH70,73,3,0.0,0.0,0,0.0,0,0,0,0,0,-0.0139766307813943
239,10lBlM7CZCH70,74,4,0.0,0.0,0,0.0,0,0,0,0,0,-0.0139766307813943
240,10lBlM7CZCH70,75,5,0.0,0.0,0,0.0,0,0,0,0,0,-0.0139766307813943
241,10lBlM7CZCH70,76,6,0.0,0.0,0,0.0,0,0,0,0,0,-0.0139766307813943
242,13c_8BmhhISo1,70,0,0.0,0.0,0,0.0,0,0,1,0,0,1.114891916157286
243,13c_8BmhhISo1,71,1,0.0,0.0,0,0.0,0,0,1,0,0,0.8184446607127257
244,13c_8BmhhISo1,72,2,0.0,0.0,0,0.0,0,0,1,0,0,0.4323196581244085
245,13c_8BmhhISo1,73,3,0.0,0.0,0,0.0,0,0,1,0,0,0.0386017290982704
246,13c_8BmhhISo1,74,4,0.0,0.0,0,0.0,0,0,1,0,0,0.9978356165999792
247,13c_8BmhhISo1,75,5,0.0,0.0,0,0.0,0,0,1,0,0,0.4039200010826183
248,13c_8BmhhISo1,76,6,0.0,0.0,0,0.0,0,0,1,0,0,0.9079292304175374
249,16zCCmheb0gdf,70,0,0.0,0.0,0,0.0,0,0,1,0,0,5.06934121095551
250,16zCCmheb0gdf,71,1,0.0,0.0,0,0.0,0,0,1,0,0,2.061960361112265
251,16zCCmheb0gdf,72,2,0.0,0.0,0,0.0,0,0,1,0,0,4.395436004007944
252,16zCCmheb0gdf,73,3,0.0,0.0,0,0.0,0,0,1,0,0,4.10845247898034
253,16zCCmheb0gdf,74,4,0.0,0.0,0,0.0,0,0,1,0,0,5.12237009996034
254,16zCCmheb0gdf,75,5,0.0,0.0,0,0.0,0,0,1,0,0,2.509460934024479
255,16zCCmheb0gdf,76,6,0.0,0.0,0,0.0,0,0,1,0,0,0.7970725956650567
256,17az4FG4dOOdK,70,0,0.0,0.0,0,0.0,0,0,1,0,0,2.24525087063747
257,17az4FG4dOOdK,71,1,0.0,0.0,0,0.0,0,0,0,0,0,-0.0139766307813943
258,17az4FG4dOOdK,72,2,0.0,0.0,0,0.0,0,0,0,0,0,-0.0139766307813943
259,17az4FG4dOOdK,73,3,0.0,0.0,0,0.0,0,0,0,0,0,-0.0139766307813943
260,17az4FG4dOOdK,74,4,0.0,0.0,0,0.0,0,0,0,0,0,-0.0139766307813943
261,17az4FG4dOOdK,75,5,0.0,0.0,0,0.0,0,0,0,0,0,-0.0139766307813943
262,17az4FG4dOOdK,76,6,0.0,0.0,0,0.0,0,0,0,0,0,-0.0139766307813943
263,19D3139847wRz,70,0,0.0,0.0,0,0.0,0,0,1,0,0,4.3299938243256655
264,19D3139847wRz,71,1,0.0,0.0,0,0.0,0,0,1,0,0,1.1205405140401783
265,19D3139847wRz,72,2,0.0,0.0,0,0.0,0,0,1,0,0,3.485637951114783
266,19D3139847wRz,73,3,0.0,0.0,0,0.0,0,0,1,0,0,5.691761478823721
267,19D3139847wRz,74,4,0.0,0.0,0,0.0,0,0,1,0,0,0.9436216352686118
268,19D3139847wRz,75,5,0.0,0.0,0,0.0,0,0,1,0,0,1.052212708056911
269,19D3139847wRz,76,6,0.0,0.0,0,0.0,0,0,1,0,0,7.798415609294255
270,1H1OtxYFDtlWj,70,0,0.0,89.816,0,89.816,0,0,1,0,0,-0.0132319859408947
271,1H1OtxYFDtlWj,71,1,0.0,0.0,0,0.0,0,0,0,0,0,-0.0139766307813943
272,1H1OtxYFDtlWj,72,2,0.0,0.0,0,0.0,0,0,0,0,0,-0.0139766307813943
273,1H1OtxYFDtlWj,73,3,0.0,0.0,0,0.0,0,0,0,0,0,-0.0139766307813943
274,1H1OtxYFDtlWj,74,4,0.0,0.0,0,0.0,0,0,0,0,0,-0.0139766307813943
275,1H1OtxYFDtlWj,75,5,0.0,0.0,0,0.0,0,0,0,0,0,-0.0139766307813943
276,1H1OtxYFDtlWj,76,6,0.0,0.0,0,0.0,0,0,0,0,0,-0.0139766307813943
277,1I1hUsFBG8eWL,70,0,0.0,0.0,0,0.0,0,0,0,0,0,-0.0139766307813943
278,1I1hUsFBG8eWL,71,1,0.0,0.0,0,0.0,0,0,0,0,0,-0.0139766307813943
279,1I1hUsFBG8eWL,72,2,0.0,0.0,0,0.0,0,0,0,0,0,-0.0139766307813943
280,1I1hUsFBG8eWL,73,3,0.0,0.0,0,0.0,0,0,0,0,0,-0.0139766307813943
281,1I1hUsFBG8eWL,74,4,0.0,0.0,0,0.0,0,0,0,0,0,-0.0139766307813943
282,1I1hUsFBG8eWL,75,5,0.0,0.0,0,0.0,0,0,0,0,0,-0.0139766307813943
283,1I1hUsFBG8eWL,76,6,0.0,0.0,0,0.0,0,0,0,0,0,-0.0139766307813943
284,1MnDhERhUtpwd,70,0,0.0,0.0,0,0.0,0,0,1,0,0,0.9510352269326124
285,1MnDhERhUtpwd,71,1,0.0,0.0,0,0.0,0,0,1,0,0,2.434591690446276
286,1MnDhERhUtpwd,72,2,0.0,0.0,0,0.0,0,0,1,0,0,1.4779006604800435
287,1MnDhERhUtpwd,73,3,0.0,0.0,0,0.0,0,0,1,0,0,1.0231758113262643
288,1MnDhERhUtpwd,74,4,151510.0,0.0,1,151510.0,0,0,1,0,0,0.2386951028370025
289,1MnDhERhUtpwd,75,5,0.0,0.0,0,0.0,0,0,1,0,0,1.4184483186587502
290,1MnDhERhUtpwd,76,6,0.0,0.0,0,0.0,0,0,1,0,0,0.7256785888613747
291,1QLNM8utpqeYL,70,0,0.0,0.0,0,0.0,0,0,0,0,0,-0.0139766307813943
292,1QLNM8utpqeYL,71,1,0.0,21312.988,0,21312.988,0,0,1,0,0,0.1605884655893597
293,1QLNM8utpqeYL,72,2,0.0,45375.174,0,45375.174,0,0,1,0,0,0.3572500841930046
294,1QLNM8utpqeYL,73,3,0.0,31722.488,0,31722.488,0,0,1,0,0,0.2458110232231306
295,1QLNM8utpqeYL,74,4,0.0,79589.838,0,79589.838,0,0,1,0,0,1.1343096650365474
296,1QLNM8utpqeYL,75,5,0.0,16433.93,0,16433.93,0,0,1,0,0,0.2548400486835562
297,1QLNM8utpqeYL,76,6,0.0,37705.062,0,37705.062,0,0,1,0,0,0.6027845988743542
298,1QM6aNogg3wjN,70,0,0.0,0.0,0,0.0,0,0,0,0,0,-0.0139766307813943
299,1QM6aNogg3wjN,71,1,0.0,0.0,0,0.0,0,0,0,0,0,-0.0139766307813943
300,1QM6aNogg3wjN,72,2,0.0,0.0,0,0.0,0,0,0,0,0,-0.0139766307813943
301,1QM6aNogg3wjN,73,3,0.0,0.0,0,0.0,0,0,0,0,0,-0.0139766307813943
302,1QM6aNogg3wjN,74,4,0.0,0.0,0,0.0,0,0,0,0,0,-0.0139766307813943
303,1QM6aNogg3wjN,75,5,0.0,0.0,0,0.0,0,0,0,0,0,-0.0139766307813943
304,1QM6aNogg3wjN,76,6,0.0,0.0,0,0.0,0,0,0,0,0,-0.0139766307813943
305,1SHBpEqMTEKI9,70,0,0.0,0.0,0,0.0,0,0,1,0,0,7.643889987259385
306,1SHBpEqMTEKI9,71,1,151510.0,0.0,1,151510.0,0,0,1,0,0,1.727457306904938
307,1SHBpEqMTEKI9,72,2,0.0,0.0,0,0.0,0,0,1,0,0,7.473221637686812
308,1SHBpEqMTEKI9,73,3,151510.0,0.0,1,151510.0,0,0,1,0,0,3.29796576272566
309,1SHBpEqMTEKI9,74,4,0.0,0.0,0,0.0,0,0,1,0,0,0.2614687455640352
310,1SHBpEqMTEKI9,75,5,0.0,0.0,0,0.0,0,0,1,0,0,2.238220409119811
311,1SHBpEqMTEKI9,76,6,151510.0,0.0,1,151510.0,0,0,1,0,0,3.9998012611179847
312,1W6_I5ePCIO1X,70,0,0.0,0.0,0,0.0,0,0,0,0,0,-0.0139766307813943
313,1W6_I5ePCIO1X,71,1,0.0,0.0,0,0.0,0,0,0,0,0,-0.0139766307813943
314,1W6_I5ePCIO1X,72,2,0.0,0.0,0,0.0,0,0,0,0,0,-0.0139766307813943
315,1W6_I5ePCIO1X,73,3,0.0,0.0,0,0.0,0,0,0,0,0,-0.0139766307813943
316,1W6_I5ePCIO1X,74,4,0.0,0.436,0,0.436,0,0,1,0,0,-0.0139753109398641
317,1W6_I5ePCIO1X,75,5,0.0,0.0,0,0.0,0,0,0,0,0,-0.0139766307813943
318,1W6_I5ePCIO1X,76,6,0.0,0.0,0,0.0,0,0,0,0,0,-0.0139766307813943
319,1eQiSuWkxEcqq,70,0,0.0,0.0,0,0.0,0,0,0,0,0,-0.0139766307813943
320,1eQiSuWkxEcqq,71,1,0.0,0.0,0,0.0,0,0,0,0,0,-0.0139766307813943
321,1eQiSuWkxEcqq,72,2,0.0,0.0,0,0.0,0,0,0,0,0,-0.0139766307813943
322,1eQiSuWkxEcqq,73,3,0.0,0.0,0,0.0,0,0,0,0,0,-0.0139766307813943
323,1eQiSuWkxEcqq,74,4,0.0,0.0,0,0.0,0,0,0,0,0,-0.0139766307813943
324,1eQiSuWkxEcqq,75,5,0.0,0.0,0,0.0,0,0,0,0,0,-0.0139766307813943
325,1eQiSuWkxEcqq,76,6,0.0,0.436,0,0.436,0,0,1,0,0,-0.0139735662416937
326,1eYRhFfTYvKLk,70,0,0.0,0.0,0,0.0,0,0,0,0,0,-0.0139766307813943
327,1eYRhFfTYvKLk,71,1,0.0,0.0,0,0.0,0,0,0,0,0,-0.0139766307813943
328,1eYRhFfTYvKLk,72,2,0.0,0.0,0,0.0,0,0,0,0,0,-0.0139766307813943
329,1eYRhFfTYvKLk,73,3,0.0,0.0,0,0.0,0,0,0,0,0,-0.0139766307813943
330,1eYRhFfTYvKLk,74,4,0.0,0.0,0,0.0,0,0,0,0,0,-0.0139766307813943
331,1eYRhFfTYvKLk,75,5,0.0,0.0,0,0.0,0,0,0,0,0,-0.0139766307813943
332,1eYRhFfTYvKLk,76,6,0.0,0.0,0,0.0,0,0,0,0,0,-0.0139766307813943
333,1eivc_GT-hpM7,70,0,0.0,0.0,0,0.0,0,0,1,0,0,-0.0108220806743837
334,1eivc_GT-hpM7,71,1,0.0,0.0,0,0.0,0,0,0,0,0,-0.0139766307813943
335,1eivc_GT-hpM7,72,2,0.0,0.0,0,0.0,0,0,1,0,0,-0.0138880377245951
336,1eivc_GT-hpM7,73,3,0.0,0.0,0,0.0,0,0,1,0,0,0.0706519946813799
337,1eivc_GT-hpM7,74,4,0.0,0.0,0,0.0,0,0,0,0,0,-0.0139766307813943
338,1eivc_GT-hpM7,75,5,0.0,0.0,0,0.0,0,0,0,0,0,-0.0139766307813943
339,1eivc_GT-hpM7,76,6,0.0,0.0,0,0.0,0,0,0,0,0,-0.0139766307813943
340,1ln5rHPJu-8Pc,70,0,0.0,0.0,0,0.0,0,0,1,0,0,-0.0139634602255446
341,1ln5rHPJu-8Pc,71,1,0.0,0.0,0,0.0,0,0,0,0,0,-0.0139766307813943
342,1ln5rHPJu-8Pc,72,2,0.0,0.0,0,0.0,0,0,1,0,0,-0.0139745900765482
343,1ln5rHPJu-8Pc,73,3,0.0,0.0,0,0.0,0,0,1,0,0,-0.0139753771060622
344,1ln5rHPJu-8Pc,74,4,0.0,0.0,0,0.0,0,0,1,0,0,-0.013968460997147
345,1ln5rHPJu-8Pc,75,5,0.0,0.0,0,0.0,0,0,0,0,0,-0.0139766307813943
346,1ln5rHPJu-8Pc,76,6,0.0,0.0,0,0.0,0,0,1,0,0,0.0690838906111718
347,1m0MBeABaeKi2,70,0,0.0,0.0,0,0.0,0,0,1,0,0,1.2918197134358678
348,1m0MBeABaeKi2,71,1,0.0,0.0,0,0.0,0,0,1,0,0,1.2522010934514458
349,1m0MBeABaeKi2,72,2,0.0,0.0,0,0.0,0,0,1,0,0,1.151982625202135
350,1m0MBeABaeKi2,73,3,0.0,0.0,0,0.0,0,0,1,0,0,1.3086021427414811
351,1m0MBeABaeKi2,74,4,0.0,0.0,0,0.0,0,0,1,0,0,1.114414157900394
352,1m0MBeABaeKi2,75,5,0.0,0.0,0,0.0,0,0,1,0,0,1.809889691684531
353,1m0MBeABaeKi2,76,6,151510.0,0.0,1,151510.0,0,0,1,0,0,1.4660706770751528
354,1q2E8XCXMW7Mg,70,0,0.0,0.0,0,0.0,0,0,1,0,0,2.726359466899081
355,1q2E8XCXMW7Mg,71,1,0.0,0.0,0,0.0,0,0,1,0,0,3.1869091284509685
356,1q2E8XCXMW7Mg,72,2,0.0,0.0,0,0.0,0,0,1,0,0,2.8461428794413632
357,1q2E8XCXMW7Mg,73,3,0.0,0.0,0,0.0,0,0,1,0,0,0.7614680943493489
358,1q2E8XCXMW7Mg,74,4,0.0,0.0,0,0.0,0,0,0,0,0,-0.0139766307813943
359,1q2E8XCXMW7Mg,75,5,0.0,0.0,0,0.0,0,0,1,0,0,0.8659139523359465
360,1q2E8XCXMW7Mg,76,6,0.0,0.0,0,0.0,0,0,1,0,0,3.446007306294468
361,1sK9sq5einHhA,70,0,0.0,0.0,0,0.0,0,0,1,0,0,5.915796213765379
362,1sK9sq5einHhA,71,1,0.0,0.0,0,0.0,0,0,1,0,0,3.5354380585032192
363,1sK9sq5einHhA,72,2,0.0,0.0,0,0.0,0,0,1,0,0,5.268355716975076
364,1sK9sq5einHhA,73,3,0.0,0.0,0,0.0,0,0,1,0,0,1.3339967957312189
365,1sK9sq5einHhA,74,4,0.0,0.0,0,0.0,0,0,1,0,0,7.178881458749872
366,1sK9sq5einHhA,75,5,402210.0,0.0,1,402210.0,0,0,1,0,0,8.0600550148953
367,1sK9sq5einHhA,76,6,0.0,0.0,0,0.0,0,0,1,0,0,3.258939901332826
368,1w10I_NP9oA-Y,70,0,151510.0,0.0,1,151510.0,0,0,1,0,0,3.911924540473839
369,1w10I_NP9oA-Y,71,1,0.0,0.0,0,0.0,0,0,1,0,0,3.2982925610604137
370,1w10I_NP9oA-Y,72,2,0.0,0.0,0,0.0,0,0,1,0,0,0.013000136100387
371,1w10I_NP9oA-Y,73,3,0.0,0.0,0,0.0,0,0,0,0,0,-0.0139766307813943
372,1w10I_NP9oA-Y,74,4,0.0,0.0,0,0.0,0,0,0,0,0,-0.0139766307813943
373,1w10I_NP9oA-Y,75,5,0.0,0.0,0,0.0,0,0,0,0,0,-0.0139766307813943
374,1w10I_NP9oA-Y,76,6,0.0,0.0,0,0.0,0,0,0,0,0,-0.0139766307813943
375,1wMeqvJmbIKsg,70,0,0.0,0.0,0,0.0,0,0,1,0,0,0.1921507868035042
376,1wMeqvJmbIKsg,71,1,0.0,0.0,0,0.0,0,0,1,0,0,0.2185657573919675
377,1wMeqvJmbIKsg,72,2,0.0,0.0,0,0.0,0,0,1,0,0,0.1198464062452867
378,1wMeqvJmbIKsg,73,3,0.0,0.0,0,0.0,0,0,1,0,0,0.3170021122270238
379,1wMeqvJmbIKsg,74,4,0.0,0.0,0,0.0,0,0,1,0,0,1.675037498648033
380,1wMeqvJmbIKsg,75,5,0.0,0.0,0,0.0,0,0,1,0,0,0.1651399199526907
381,1wMeqvJmbIKsg,76,6,0.0,0.0,0,0.0,0,0,1,0,0,0.1566727639166441
382,1z11pFsdzkNIG,70,0,0.0,0.0,0,0.0,0,0,1,0,0,3.92239776857492
383,1z11pFsdzkNIG,71,1,0.0,0.0,0,0.0,0,0,1,0,0,6.368841959828021
384,1z11pFsdzkNIG,72,2,0.0,0.0,0,0.0,0,0,1,0,0,5.364629206750236
385,1z11pFsdzkNIG,73,3,0.0,0.0,0,0.0,0,0,1,0,0,0.8238740534638064
386,1z11pFsdzkNIG,74,4,0.0,0.0,0,0.0,0,0,1,0,0,2.107532469337905
387,1z11pFsdzkNIG,75,5,0.0,0.0,0,0.0,0,0,1,0,0,0.8688539637693261
388,1z11pFsdzkNIG,76,6,0.0,0.0,0,0.0,0,0,0,0,0,-0.0139766307813943
389,2-BScm_Z0jJhk,70,0,0.0,0.0,0,0.0,0,0,0,0,0,-0.0139766307813943
390,2-BScm_Z0jJhk,71,1,0.0,0.0,0,0.0,0,0,0,0,0,-0.0139766307813943
391,2-BScm_Z0jJhk,72,2,0.0,0.0,0,0.0,0,0,0,0,0,-0.0139766307813943
392,2-BScm_Z0jJhk,73,3,0.0,0.0,0,0.0,0,0,0,0,0,-0.0139766307813943
393,2-BScm_Z0jJhk,74,4,0.0,0.0,0,0.0,0,0,0,0,0,-0.0139766307813943
394,2-BScm_Z0jJhk,75,5,0.0,0.0,0,0.0,0,0,0,0,0,-0.0139766307813943
395,2-BScm_Z0jJhk,76,6,0.0,0.0,0,0.0,0,0,0,0,0,-0.0139766307813943
396,24Sy1rxBlckFe,70,0,0.0,0.0,0,0.0,0,0,0,0,0,-0.0139766307813943
397,24Sy1rxBlckFe,71,1,0.0,0.0,0,0.0,0,0,0,0,0,-0.0139766307813943
398,24Sy1rxBlckFe,72,2,0.0,0.0,0,0.0,0,0,0,0,0,-0.0139766307813943
399,24Sy1rxBlckFe,73,3,0.0,0.0,0,0.0,0,0,0,0,0,-0.0139766307813943
400,24Sy1rxBlckFe,74,4,0.0,0.436,0,0.436,0,0,1,0,0,-0.0139756626654434
401,24Sy1rxBlckFe,75,5,0.0,0.436,0,0.436,0,0,1,0,0,-0.0139760666274948
402,24Sy1rxBlckFe,76,6,0.0,0.0,0,0.0,0,0,0,0,0,-0.0139766307813943
403,24j43c5C-Uu76,70,0,0.0,0.0,0,0.0,0,0,0,0,0,-0.0139766307813943
404,24j43c5C-Uu76,71,1,0.0,0.872,0,0.872,0,0,1,0,0,-0.0139712713193497
405,24j43c5C-Uu76,72,2,0.0,5444.82,0,5444.82,0,0,1,0,0,0.03117023077161
406,24j43c5C-Uu76,73,3,0.0,3036.684,0,3036.684,0,0,1,0,0,0.0270841406915411
407,24j43c5C-Uu76,74,4,0.0,2988.149,0,2988.149,0,0,1,0,0,0.0194823619129032
408,24j43c5C-Uu76,75,5,0.0,0.0,0,0.0,0,0,0,0,0,-0.0139766307813943
409,24j43c5C-Uu76,76,6,0.0,87.12,0,87.12,0,0,1,0,0,-0.013221998327416
410,25r-GmTEhJ56K,70,0,0.0,0.0,0,0.0,0,0,1,0,0,0.2120256640155821
411,25r-GmTEhJ56K,71,1,151510.0,0.0,1,151510.0,0,0,1,0,0,1.100912589973928
412,25r-GmTEhJ56K,72,2,0.0,0.0,0,0.0,0,0,1,0,0,0.3700398535726714
413,25r-GmTEhJ56K,73,3,0.0,0.0,0,0.0,0,0,1,0,0,0.7149232211268142
414,25r-GmTEhJ56K,74,4,0.0,0.0,0,0.0,0,0,1,0,0,0.8822798271178931
415,25r-GmTEhJ56K,75,5,0.0,0.0,0,0.0,0,0,1,0,0,1.0700242446183008
416,25r-GmTEhJ56K,76,6,0.0,0.0,0,0.0,0,0,1,0,0,0.5168246572697154
417,297W5VCK77SAY,70,0,0.0,0.0,0,0.0,0,0,0,0,0,-0.0139766307813943
418,297W5VCK77SAY,71,1,0.0,0.0,0,0.0,0,0,0,0,0,-0.0139766307813943
419,297W5VCK77SAY,72,2,0.0,0.0,0,0.0,0,0,0,0,0,-0.0139766307813943
420,297W5VCK77SAY,73,3,0.0,0.0,0,0.0,0,0,0,0,0,-0.0139766307813943
421,297W5VCK77SAY,74,4,0.0,12406.162,0,12406.162,0,0,1,0,0,0.0875511550901346
422,297W5VCK77SAY,75,5,0.0,200041.596,0,200041.596,0,0,1,0,0,1.6222881792422523
423,297W5VCK77SAY,76,6,0.0,0.0,0,0.0,0,0,0,0,0,-0.0139766307813943
424,29K-BBU5wHjxk,70,0,0.0,0.0,0,0.0,0,0,1,0,0,1.0893124191871304
425,29K-BBU5wHjxk,71,1,0.0,0.0,0,0.0,0,0,1,0,0,1.3849973320744204
426,29K-BBU5wHjxk,72,2,0.0,0.0,0,0.0,0,0,1,0,0,0.5505829161955024
427,29K-BBU5wHjxk,73,3,0.0,0.0,0,0.0,0,0,1,0,0,1.648496575477875
428,29K-BBU5wHjxk,74,4,0.0,0.0,0,0.0,0,0,1,0,0,2.3007640461627497
429,29K-BBU5wHjxk,75,5,0.0,0.0,0,0.0,0,0,1,0,0,1.6121403739154934
430,29K-BBU5wHjxk,76,6,0.0,0.0,0,0.0,0,0,1,0,0,0.8441781891095829
431,2GTiGXj2DiiQV,70,0,109000.0,0.0,0,109000.0,0,0,1,0,1,-0.0139721384447877
432,2GTiGXj2DiiQV,71,1,0.0,0.0,0,0.0,0,0,1,0,0,-0.0139740085104914
433,2GTiGXj2DiiQV,72,2,0.0,0.0,0,0.0,0,0,1,0,0,-0.0139723160487931
434,2GTiGXj2DiiQV,73,3,0.0,0.0,0,0.0,0,0,1,0,0,-0.0139440979065272
435,2GTiGXj2DiiQV,74,4,0.0,0.0,0,0.0,0,0,0,0,0,-0.0139766307813943
436,2GTiGXj2DiiQV,75,5,0.0,0.0,0,0.0,0,0,1,0,0,-0.013971783236777
437,2GTiGXj2DiiQV,76,6,0.0,0.0,0,0.0,0,0,0,0,0,-0.0139766307813943
438,2K6vRYnkgiRM6,70,0,0.0,0.0,0,0.0,0,0,1,0,0,3.879489556755634
439,2K6vRYnkgiRM6,71,1,0.0,0.0,0,0.0,0,0,1,0,0,1.6231309102477602
440,2K6vRYnkgiRM6,72,2,0.0,0.0,0,0.0,0,0,1,0,0,2.2561443864287614
441,2K6vRYnkgiRM6,73,3,0.0,0.0,0,0.0,0,0,1,0,0,2.8060710035879284
442,2K6vRYnkgiRM6,74,4,320460.0,0.0,1,320460.0,0,0,1,0,0,2.4641526548076085
443,2K6vRYnkgiRM6,75,5,0.0,0.0,0,0.0,0,0,1,0,0,1.6166355034320998
444,2K6vRYnkgiRM6,76,6,0.0,0.0,0,0.0,0,0,1,0,0,2.5324652634599056
445,2YHIL2KmF9QVQ,70,0,0.0,0.0,0,0.0,0,0,1,0,0,-0.0049768890872667
446,2YHIL2KmF9QVQ,71,1,0.0,0.0,0,0.0,0,0,1,0,0,-0.0039234535651855
447,2YHIL2KmF9QVQ,72,2,0.0,0.0,0,0.0,0,0,1,0,0,0.0396433382830524
448,2YHIL2KmF9QVQ,73,3,0.0,0.0,0,0.0,0,0,1,0,0,-0.0103236054326293
449,2YHIL2KmF9QVQ,74,4,0.0,0.0,0,0.0,0,0,1,0,0,0.0144811584890573
450,2YHIL2KmF9QVQ,75,5,0.0,0.0,0,0.0,0,0,1,0,0,0.0742699693573192
451,2YHIL2KmF9QVQ,76,6,0.0,0.0,0,0.0,0,0,1,0,0,0.0349798262396238
452,2_lUUQ0vsKDDm,70,0,0.0,0.0,0,0.0,0,0,1,0,0,3.914080618274785
453,2_lUUQ0vsKDDm,71,1,0.0,0.0,0,0.0,0,0,0,0,0,-0.0139766307813943
454,2_lUUQ0vsKDDm,72,2,0.0,0.0,0,0.0,0,0,1,0,0,0.0491037360130838
455,2_lUUQ0vsKDDm,73,3,0.0,0.0,0,0.0,0,0,1,0,0,-0.001195637129052
456,2_lUUQ0vsKDDm,74,4,0.0,0.0,0,0.0,0,0,0,0,0,-0.0139766307813943
457,2_lUUQ0vsKDDm,75,5,0.0,0.0,0,0.0,0,0,1,0,0,-0.0086730478323176
458,2_lUUQ0vsKDDm,76,6,0.0,9729.558,0,9729.558,0,0,1,0,0,0.078574247699208
459,2aYKBozBlwIt5,70,0,0.0,0.0,0,0.0,0,0,1,0,0,0.0091498240435329
460,2aYKBozBlwIt5,71,1,0.0,0.0,0,0.0,0,0,1,0,0,0.0469648057047353
461,2aYKBozBlwIt5,72,2,0.0,0.0,0,0.0,0,0,1,0,0,0.259581027415212
462,2aYKBozBlwIt5,73,3,0.0,0.0,0,0.0,0,0,1,0,0,0.2891929710909502
463,2aYKBozBlwIt5,74,4,0.0,0.0,0,0.0,0,0,1,0,0,0.0593269568759296
464,2aYKBozBlwIt5,75,5,151510.0,0.0,1,151510.0,0,0,1,0,0,-0.0026340310740007
465,2aYKBozBlwIt5,76,6,0.0,0.0,0,0.0,0,0,1,0,0,-0.0038668118171966
466,2fx7mRq4qNKHF,70,0,0.0,0.0,0,0.0,0,0,0,0,0,-0.0139766307813943
467,2fx7mRq4qNKHF,71,1,0.0,0.0,0,0.0,0,0,0,0,0,-0.0139766307813943
468,2fx7mRq4qNKHF,72,2,0.0,0.0,0,0.0,0,0,0,0,0,-0.0139766307813943
469,2fx7mRq4qNKHF,73,3,0.0,0.0,0,0.0,0,0,0,0,0,-0.0139766307813943
470,2fx7mRq4qNKHF,74,4,0.0,0.0,0,0.0,0,0,0,0,0,-0.0139766307813943
471,2fx7mRq4qNKHF,75,5,0.0,0.0,0,0.0,0,0,0,0,0,-0.0139766307813943
472,2fx7mRq4qNKHF,76,6,0.0,0.0,0,0.0,0,0,0,0,0,-0.0139766307813943
473,2rNsNFYsam9gX,70,0,0.0,0.0,0,0.0,0,0,1,0,0,3.5126295810141124
474,2rNsNFYsam9gX,71,1,0.0,0.0,0,0.0,0,0,1,0,0,0.8857743391506446
475,2rNsNFYsam9gX,72,2,0.0,0.0,0,0.0,0,0,1,0,0,1.5878845212906565
476,2rNsNFYsam9gX,73,3,0.0,0.0,0,0.0,0,0,1,0,0,0.5039840095661557
477,2rNsNFYsam9gX,74,4,0.0,0.0,0,0.0,0,0,0,0,0,-0.0139766307813943
478,2rNsNFYsam9gX,75,5,0.0,0.0,0,0.0,0,0,1,0,0,0.9259079689614784
479,2rNsNFYsam9gX,76,6,0.0,0.0,0,0.0,0,0,1,0,0,1.064169674843214
480,2xCUTBApLSkTL,70,0,113360.0,0.0,1,113360.0,0,0,1,0,0,2.741925448065131
481,2xCUTBApLSkTL,71,1,0.0,0.0,0,0.0,0,0,1,0,0,0.6188151224698368
482,2xCUTBApLSkTL,72,2,226720.0,0.0,2,226720.0,0,0,1,0,0,7.708538176047122
483,2xCUTBApLSkTL,73,3,113360.0,0.0,1,113360.0,0,0,1,0,0,2.04909934466699
484,2xCUTBApLSkTL,74,4,113360.0,0.0,1,113360.0,0,0,1,0,0,4.286127024488033
485,2xCUTBApLSkTL,75,5,113360.0,0.0,1,113360.0,0,0,1,0,0,4.893371019649599
486,2xCUTBApLSkTL,76,6,0.0,0.0,0,0.0,0,0,1,0,0,1.7981299454401192
487,2zc-d4fq-yrRw,70,0,0.0,0.0,0,0.0,0,0,1,0,0,0.6239361981500168
488,2zc-d4fq-yrRw,71,1,151510.0,0.0,1,151510.0,0,0,1,0,0,0.286810897416811
489,2zc-d4fq-yrRw,72,2,0.0,0.0,0,0.0,0,0,1,0,0,0.2444015473891748
490,2zc-d4fq-yrRw,73,3,0.0,0.0,0,0.0,0,0,1,0,0,0.1558280270306052
491,2zc-d4fq-yrRw,74,4,0.0,0.0,0,0.0,0,0,1,0,0,-0.0121708333506584
492,2zc-d4fq-yrRw,75,5,0.0,0.0,0,0.0,0,0,1,0,0,0.0737576305558511
493,2zc-d4fq-yrRw,76,6,0.0,0.0,0,0.0,0,0,1,0,0,0.2778934908501168
494,32yOXaoP92B7_,70,0,0.0,0.0,0,0.0,0,0,1,0,0,1.4782043145751953
495,32yOXaoP92B7_,71,1,0.0,0.0,0,0.0,0,0,1,0,0,2.314136060673373
496,32yOXaoP92B7_,72,2,0.0,0.0,0,0.0,0,0,1,0,0,1.1745576404849598
497,32yOXaoP92B7_,73,3,0.0,0.0,0,0.0,0,0,1,0,0,0.4151680458105224
498,32yOXaoP92B7_,74,4,0.0,0.0,0,0.0,0,0,1,0,0,-0.0111204588858463
499,32yOXaoP92B7_,75,5,0.0,0.0,0,0.0,0,0,1,0,0,3.103893032436767
500,32yOXaoP92B7_,76,6,0.0,0.0,0,0.0,0,0,1,0,0,1.846547882739818
501,39zhgc7l5jA8X,70,0,0.0,0.0,0,0.0,0,0,1,0,0,1.913795003174689
502,39zhgc7l5jA8X,71,1,0.0,0.0,0,0.0,0,0,1,0,0,1.4335509971409726
503,39zhgc7l5jA8X,72,2,0.0,0.0,0,0.0,0,0,1,0,0,1.0818238298788203
504,39zhgc7l5jA8X,73,3,0.0,0.0,0,0.0,0,0,1,0,0,1.3776958677391469
505,39zhgc7l5jA8X,74,4,0.0,0.0,0,0.0,0,0,1,0,0,5.079352222891383
506,39zhgc7l5jA8X,75,5,0.0,0.0,0,0.0,0,0,1,0,0,1.499038800158044
507,39zhgc7l5jA8X,76,6,0.0,0.0,0,0.0,0,0,1,0,0,1.338057188949412
508,3M2VyFy-yyqzM,70,0,0.0,0.0,0,0.0,0,0,0,0,0,-0.0139766307813943
509,3M2VyFy-yyqzM,71,1,0.0,0.0,0,0.0,0,0,0,0,0,-0.0139766307813943
510,3M2VyFy-yyqzM,72,2,0.0,0.0,0,0.0,0,0,0,0,0,-0.0139766307813943
511,3M2VyFy-yyqzM,73,3,0.0,0.0,0,0.0,0,0,0,0,0,-0.0139766307813943
512,3M2VyFy-yyqzM,74,4,0.0,0.0,0,0.0,0,0,0,0,0,-0.0139766307813943
513,3M2VyFy-yyqzM,75,5,0.0,0.0,0,0.0,0,0,0,0,0,-0.0139766307813943
514,3M2VyFy-yyqzM,76,6,0.0,0.0,0,0.0,0,0,0,0,0,-0.0139766307813943
515,3M5FlStwNA2pE,70,0,0.0,0.0,0,0.0,0,0,0,0,0,-0.0139766307813943
516,3M5FlStwNA2pE,71,1,0.0,0.0,0,0.0,0,0,0,0,0,-0.0139766307813943
517,3M5FlStwNA2pE,72,2,0.0,0.0,0,0.0,0,0,0,0,0,-0.0139766307813943
518,3M5FlStwNA2pE,73,3,0.0,0.0,0,0.0,0,0,0,0,0,-0.0139766307813943
519,3M5FlStwNA2pE,74,4,0.0,0.0,0,0.0,0,0,0,0,0,-0.0139766307813943
520,3M5FlStwNA2pE,75,5,0.0,0.0,0,0.0,0,0,0,0,0,-0.0139766307813943
521,3M5FlStwNA2pE,76,6,0.0,0.0,0,0.0,0,0,0,0,0,-0.0139766307813943
522,3N1j0lYI3fmAj,70,0,0.0,0.0,0,0.0,0,0,1,0,0,2.741006841842581
523,3N1j0lYI3fmAj,71,1,0.0,0.0,0,0.0,0,0,1,0,0,1.759760410943073
524,3N1j0lYI3fmAj,72,2,0.0,0.0,0,0.0,0,0,1,0,0,1.3986738190515928
525,3N1j0lYI3fmAj,73,3,0.0,0.0,0,0.0,0,0,1,0,0,2.015216745525283
526,3N1j0lYI3fmAj,74,4,0.0,0.0,0,0.0,0,0,1,0,0,1.559545841624045
527,3N1j0lYI3fmAj,75,5,0.0,0.0,0,0.0,0,0,1,0,0,0.9924513491959898
528,3N1j0lYI3fmAj,76,6,0.0,0.0,0,0.0,0,0,1,0,0,3.2510213675518163
529,3QAqV3g5Vx0j8,70,0,0.0,0.0,0,0.0,0,0,1,0,0,0.8242282411221347
530,3QAqV3g5Vx0j8,71,1,0.0,0.0,0,0.0,0,0,1,0,0,0.5805249804456248
531,3QAqV3g5Vx0j8,72,2,0.0,0.0,0,0.0,0,0,1,0,0,0.6677963987799984
532,3QAqV3g5Vx0j8,73,3,0.0,0.0,0,0.0,0,0,1,0,0,0.4172826234755456
533,3QAqV3g5Vx0j8,74,4,0.0,0.0,0,0.0,0,0,1,0,0,0.9830932200311716
534,3QAqV3g5Vx0j8,75,5,0.0,0.0,0,0.0,0,0,1,0,0,0.5413271217620953
535,3QAqV3g5Vx0j8,76,6,0.0,0.0,0,0.0,0,0,1,0,0,0.9113236295101604
536,3X1RbX6H3y6ly,70,0,320460.0,0.0,1,320460.0,0,0,1,0,0,1.083187065987612
537,3X1RbX6H3y6ly,71,1,0.0,0.0,0,0.0,0,0,1,0,0,10.869824437326308
538,3X1RbX6H3y6ly,72,2,0.0,0.0,0,0.0,0,0,1,0,0,1.298480020346872
539,3X1RbX6H3y6ly,73,3,0.0,0.0,0,0.0,0,0,1,0,0,0.2781940351339587
540,3X1RbX6H3y6ly,74,4,0.0,0.0,0,0.0,0,0,1,0,0,0.1412469993716231
541,3X1RbX6H3y6ly,75,5,0.0,0.0,0,0.0,0,0,1,0,0,2.097307939080823
542,3X1RbX6H3y6ly,76,6,0.0,0.0,0,0.0,0,0,1,0,0,0.5409805397341149
543,3ZYhGKCO8mXGZ,70,0,0.0,0.0,0,0.0,0,0,1,0,0,0.1039148185280928
544,3ZYhGKCO8mXGZ,71,1,0.0,0.0,0,0.0,0,0,1,0,0,0.1424605257511773
545,3ZYhGKCO8mXGZ,72,2,0.0,0.0,0,0.0,0,0,1,0,0,0.0138270673142791
546,3ZYhGKCO8mXGZ,73,3,0.0,0.0,0,0.0,0,0,0,0,0,-0.0139766307813943
547,3ZYhGKCO8mXGZ,74,4,0.0,0.0,0,0.0,0,0,1,0,0,-0.013972643397352
548,3ZYhGKCO8mXGZ,75,5,0.0,0.0,0,0.0,0,0,1,0,0,-0.0139734582863178
549,3ZYhGKCO8mXGZ,76,6,0.0,0.0,0,0.0,0,0,1,0,0,-0.0139761850301651
550,3b6WbI2nsH5YV,70,0,0.0,0.0,0,0.0,0,0,1,0,0,4.895394044191066
551,3b6WbI2nsH5YV,71,1,0.0,0.0,0,0.0,0,0,1,0,0,5.819013825831052
552,3b6WbI2nsH5YV,72,2,0.0,0.0,0,0.0,0,0,1,0,0,3.8813352210619296
553,3b6WbI2nsH5YV,73,3,0.0,0.0,0,0.0,0,0,1,0,0,4.338430759821347
554,3b6WbI2nsH5YV,74,4,0.0,0.0,0,0.0,0,0,1,0,0,1.124976511870289
555,3b6WbI2nsH5YV,75,5,0.0,0.0,0,0.0,0,0,1,0,0,1.4832090387372654
556,3b6WbI2nsH5YV,76,6,0.0,0.0,0,0.0,0,0,1,0,0,3.1940081485971343
557,3b_Czk5dZiM_d,70,0,53410.0,5582.108,0,58992.108,1,0,1,0,0,0.1420893890988458
558,3b_Czk5dZiM_d,71,1,0.0,186.608,0,186.608,0,0,1,0,0,0.7091852466400405
559,3b_Czk5dZiM_d,72,2,0.0,0.0,0,0.0,0,0,0,0,0,-0.0139766307813943
560,3b_Czk5dZiM_d,73,3,0.0,0.0,0,0.0,0,0,0,0,0,-0.0139766307813943
561,3b_Czk5dZiM_d,74,4,92650.0,2439.876,0,95089.876,2,0,1,0,0,1.0386042503786606
562,3b_Czk5dZiM_d,75,5,53410.0,7816.629,0,61226.629,1,0,1,0,0,2.283113732249063
563,3b_Czk5dZiM_d,76,6,53410.0,86580.88,0,139990.88,1,0,1,0,0,2.346259965752515
564,3fZjOcIsRSshq,70,0,0.0,0.0,0,0.0,0,0,0,0,0,-0.0139766307813943
565,3fZjOcIsRSshq,71,1,0.0,0.0,0,0.0,0,0,0,0,0,-0.0139766307813943
566,3fZjOcIsRSshq,72,2,0.0,0.0,0,0.0,0,0,0,0,0,-0.0139766307813943
567,3fZjOcIsRSshq,73,3,0.0,0.0,0,0.0,0,0,0,0,0,-0.0139766307813943
568,3fZjOcIsRSshq,74,4,0.0,0.0,0,0.0,0,0,0,0,0,-0.0139766307813943
569,3fZjOcIsRSshq,75,5,0.0,0.0,0,0.0,0,0,0,0,0,-0.0139766307813943
570,3fZjOcIsRSshq,76,6,0.0,0.0,0,0.0,0,0,0,0,0,-0.0139766307813943
571,3pW88difJDtwf,70,0,0.0,0.0,0,0.0,0,0,1,0,0,4.872662082686393
572,3pW88difJDtwf,71,1,0.0,0.0,0,0.0,0,0,1,0,0,4.249270620397884
573,3pW88difJDtwf,72,2,0.0,0.0,0,0.0,0,0,1,0,0,0.2255200267913204
574,3pW88difJDtwf,73,3,0.0,0.0,0,0.0,0,0,1,0,0,4.372214628548223
575,3pW88difJDtwf,74,4,0.0,0.0,0,0.0,0,0,1,0,0,2.226313282892821
576,3pW88difJDtwf,75,5,0.0,0.0,0,0.0,0,0,1,0,0,0.4936461052698779
577,3pW88difJDtwf,76,6,0.0,0.0,0,0.0,0,0,1,0,0,0.5821749112082705
578,3wVNHoQ6LYH4D,70,0,0.0,0.0,0,0.0,0,0,0,0,0,-0.0139766307813943
579,3wVNHoQ6LYH4D,71,1,0.0,0.0,0,0.0,0,0,0,0,0,-0.0139766307813943
580,3wVNHoQ6LYH4D,72,2,0.0,0.0,0,0.0,0,0,0,0,0,-0.0139766307813943
581,3wVNHoQ6LYH4D,73,3,0.0,0.0,0,0.0,0,0,0,0,0,-0.0139766307813943
582,3wVNHoQ6LYH4D,74,4,0.0,0.0,0,0.0,0,0,0,0,0,-0.0139766307813943
583,3wVNHoQ6LYH4D,75,5,0.0,0.0,0,0.0,0,0,0,0,0,-0.0139766307813943
584,3wVNHoQ6LYH4D,76,6,0.0,0.0,0,0.0,0,0,0,0,0,-0.0139766307813943
585,404scepkNb_o4,70,0,0.0,0.0,0,0.0,0,0,1,0,0,2.908430986109744
586,404scepkNb_o4,71,1,0.0,0.0,0,0.0,0,0,1,0,0,2.967933008298502
587,404scepkNb_o4,72,2,0.0,0.0,0,0.0,0,0,1,0,0,4.493795393624906
588,404scepkNb_o4,73,3,307380.0,0.0,1,307380.0,0,0,1,0,0,3.957746290282408
589,404scepkNb_o4,74,4,0.0,0.0,0,0.0,0,0,1,0,0,1.1603790077832552
590,404scepkNb_o4,75,5,0.0,0.0,0,0.0,0,0,1,0,0,3.689444411697981
591,404scepkNb_o4,76,6,0.0,0.0,0,0.0,0,0,1,0,0,3.1629807671647496
592,40xf6d-816i5n,70,0,0.0,0.0,0,0.0,0,0,1,0,0,4.4555618445946426
593,40xf6d-816i5n,71,1,0.0,0.0,0,0.0,0,0,1,0,0,4.858132173639076
594,40xf6d-816i5n,72,2,0.0,0.0,0,0.0,0,0,1,0,0,2.72296257438552
595,40xf6d-816i5n,73,3,0.0,0.0,0,0.0,0,0,1,0,0,4.229541848598464
596,40xf6d-816i5n,74,4,0.0,0.0,0,0.0,0,0,1,0,0,2.3970244803022984
597,40xf6d-816i5n,75,5,0.0,0.0,0,0.0,0,0,1,0,0,3.465669319882456
598,40xf6d-816i5n,76,6,0.0,0.0,0,0.0,0,0,1,0,0,4.932474765622437
599,43JVIpY9yI6t7,70,0,0.0,0.0,0,0.0,0,0,0,0,0,-0.0139766307813943
600,43JVIpY9yI6t7,71,1,0.0,0.0,0,0.0,0,0,1,0,0,0.0399172628606769
601,43JVIpY9yI6t7,72,2,0.0,0.0,0,0.0,0,0,1,0,0,1.4211630933889987
602,43JVIpY9yI6t7,73,3,0.0,0.0,0,0.0,0,0,0,0,0,-0.0139766307813943
603,43JVIpY9yI6t7,74,4,0.0,0.0,0,0.0,0,0,1,0,0,-0.0139756800776008
604,43JVIpY9yI6t7,75,5,0.0,0.0,0,0.0,0,0,0,0,0,-0.0139766307813943
605,43JVIpY9yI6t7,76,6,0.0,0.0,0,0.0,0,0,1,0,0,0.0105451751354141
606,44aqzZR6luWyz,70,0,0.0,0.0,0,0.0,0,0,0,0,0,-0.0139766307813943
607,44aqzZR6luWyz,71,1,0.0,0.0,0,0.0,0,0,0,0,0,-0.0139766307813943
608,44aqzZR6luWyz,72,2,0.0,0.0,0,0.0,0,0,0,0,0,-0.0139766307813943
609,44aqzZR6luWyz,73,3,0.0,0.0,0,0.0,0,0,0,0,0,-0.0139766307813943
610,44aqzZR6luWyz,74,4,0.0,0.0,0,0.0,0,0,0,0,0,-0.0139766307813943
611,44aqzZR6luWyz,75,5,0.0,0.0,0,0.0,0,0,0,0,0,-0.0139766307813943
612,44aqzZR6luWyz,76,6,0.0,0.0,0,0.0,0,0,0,0,0,-0.0139766307813943
613,48EKPNntVRMBh,70,0,0.0,0.0,0,0.0,0,0,0,0,0,-0.0139766307813943
614,48EKPNntVRMBh,71,1,0.0,0.0,0,0.0,0,0,0,0,0,-0.0139766307813943
615,48EKPNntVRMBh,72,2,0.0,0.0,0,0.0,0,0,0,0,0,-0.0139766307813943
616,48EKPNntVRMBh,73,3,0.0,0.067,0,0.067,0,0,1,0,0,-0.0139763138801298
617,48EKPNntVRMBh,74,4,0.0,0.0,0,0.0,0,0,0,0,0,-0.0139766307813943
618,48EKPNntVRMBh,75,5,0.0,0.0,0,0.0,0,0,0,0,0,-0.0139766307813943
619,48EKPNntVRMBh,76,6,0.0,0.0,0,0.0,0,0,0,0,0,-0.0139766307813943
620,4AgbfKTf6W3ih,70,0,0.0,0.0,0,0.0,0,0,0,0,0,-0.0139766307813943
621,4AgbfKTf6W3ih,71,1,0.0,0.0,0,0.0,0,0,0,0,0,-0.0139766307813943
622,4AgbfKTf6W3ih,72,2,0.0,0.0,0,0.0,0,0,0,0,0,-0.0139766307813943
623,4AgbfKTf6W3ih,73,3,0.0,0.0,0,0.0,0,0,0,0,0,-0.0139766307813943
624,4AgbfKTf6W3ih,74,4,0.0,0.0,0,0.0,0,0,0,0,0,-0.0139766307813943
625,4AgbfKTf6W3ih,75,5,0.0,0.0,0,0.0,0,0,0,0,0,-0.0139766307813943
626,4AgbfKTf6W3ih,76,6,0.0,0.0,0,0.0,0,0,0,0,0,-0.0139766307813943
627,4FZppZ0yFa5OG,70,0,0.0,0.0,0,0.0,0,0,0,0,0,-0.0139766307813943
628,4FZppZ0yFa5OG,71,1,0.0,0.0,0,0.0,0,0,0,0,0,-0.0139766307813943
629,4FZppZ0yFa5OG,72,2,0.0,0.0,0,0.0,0,0,0,0,0,-0.0139766307813943
630,4FZppZ0yFa5OG,73,3,0.0,0.0,0,0.0,0,0,0,0,0,-0.0139766307813943
631,4FZppZ0yFa5OG,74,4,0.0,0.0,0,0.0,0,0,0,0,0,-0.0139766307813943
632,4FZppZ0yFa5OG,75,5,0.0,0.0,0,0.0,0,0,0,0,0,-0.0139766307813943
633,4FZppZ0yFa5OG,76,6,0.0,0.0,0,0.0,0,0,0,0,0,-0.0139766307813943
634,4Gr5JueCKLbR0,70,0,0.0,0.0,0,0.0,0,0,1,0,0,5.830899862453011
635,4Gr5JueCKLbR0,71,1,0.0,0.0,0,0.0,0,0,1,0,0,2.382371829475109
636,4Gr5JueCKLbR0,72,2,0.0,0.0,0,0.0,0,0,1,0,0,4.739709218225266
637,4Gr5JueCKLbR0,73,3,0.0,0.0,0,0.0,0,0,1,0,0,4.418703849033308
638,4Gr5JueCKLbR0,74,4,0.0,0.0,0,0.0,0,0,1,0,0,4.344856946346519
639,4Gr5JueCKLbR0,75,5,0.0,0.0,0,0.0,0,0,1,0,0,4.47546502004491
640,4Gr5JueCKLbR0,76,6,0.0,0.0,0,0.0,0,0,1,0,0,2.960105710739783
641,4JYt7OYE9n7m6,70,0,0.0,1240.638,0,1240.638,0,0,1,0,0,-0.0038357694230021
642,4JYt7OYE9n7m6,71,1,0.0,239.364,0,239.364,0,0,1,0,0,-0.0120221230792553
643,4JYt7OYE9n7m6,72,2,0.0,0.0,0,0.0,0,0,0,0,0,-0.0139766307813943
644,4JYt7OYE9n7m6,73,3,0.0,0.0,0,0.0,0,0,0,0,0,-0.0139766307813943
645,4JYt7OYE9n7m6,74,4,0.0,10059.174,0,10059.174,0,0,1,0,0,0.0727639396282057
646,4JYt7OYE9n7m6,75,5,0.0,14276.602,0,14276.602,0,0,1,0,0,0.1028429853205135
647,4JYt7OYE9n7m6,76,6,0.0,0.0,0,0.0,0,0,0,0,0,-0.0139766307813943
648,4TVsEbq2uvIRR,70,0,0.0,0.0,0,0.0,0,0,1,0,0,5.113389302693452
649,4TVsEbq2uvIRR,71,1,0.0,0.0,0,0.0,0,0,1,0,0,1.988557854988809
650,4TVsEbq2uvIRR,72,2,0.0,0.0,0,0.0,0,0,1,0,0,8.546994914807295
651,4TVsEbq2uvIRR,73,3,0.0,0.0,0,0.0,0,0,1,0,0,4.111921966260491
652,4TVsEbq2uvIRR,74,4,0.0,0.0,0,0.0,0,0,1,0,0,4.715436959865737
653,4TVsEbq2uvIRR,75,5,0.0,0.0,0,0.0,0,0,1,0,0,17.53781937648973
654,4TVsEbq2uvIRR,76,6,0.0,0.0,0,0.0,0,0,1,0,0,12.607769299055429
655,4VP-NCllX2jqU,70,0,0.0,0.0,0,0.0,0,0,0,0,0,-0.0139766307813943
656,4VP-NCllX2jqU,71,1,0.0,0.0,0,0.0,0,0,0,0,0,-0.0139766307813943
657,4VP-NCllX2jqU,72,2,0.0,0.0,0,0.0,0,0,0,0,0,-0.0139766307813943
658,4VP-NCllX2jqU,73,3,0.0,0.0,0,0.0,0,0,0,0,0,-0.0139766307813943
659,4VP-NCllX2jqU,74,4,0.0,0.0,0,0.0,0,0,0,0,0,-0.0139766307813943
660,4VP-NCllX2jqU,75,5,0.0,0.0,0,0.0,0,0,1,1,0,0.0870454886273782
661,4VP-NCllX2jqU,76,6,0.0,0.0,0,0.0,0,0,0,0,0,-0.0139766307813943
